{"accuracy": 0.7392142857142857, "precision": 0.7580224167050514, "recall": 0.7040787221905305, "f1_score": 0.7300554528650647, "confusion_matrix": [[5412, 1576], [2075, 4937]], "feature_importance": {"age_years": 0.12188521732401553, "gender": 0.0004425214640048867, "height": 0.0025536878321428666, "weight": 0.010171598605050158, "ap_hi": 0.7418159150105329, "ap_lo": 0.0256870248754248, "cholesterol": 0.07368126997338359, "gluc": 0.0035438975285557134, "smoke": 0.003124611226376985, "alco": 0.0019271070430169211, "active": 0.0037323064659116633, "bmi": 0.011434842651583933}}